-- phpMyAdmin SQL Dump
-- version 5.2.1
-- https://www.phpmyadmin.net/
--
-- Host: mysql
-- Generation Time: May 07, 2025 at 07:57 AM
-- Server version: 8.3.0
-- PHP Version: 8.2.17

SET SQL_MODE = "NO_AUTO_VALUE_ON_ZERO";
START TRANSACTION;
SET time_zone = "+00:00";


/*!40101 SET @OLD_CHARACTER_SET_CLIENT=@@CHARACTER_SET_CLIENT */;
/*!40101 SET @OLD_CHARACTER_SET_RESULTS=@@CHARACTER_SET_RESULTS */;
/*!40101 SET @OLD_COLLATION_CONNECTION=@@COLLATION_CONNECTION */;
/*!40101 SET NAMES utf8mb4 */;

--
-- Database: `recipenecklace`
--

-- --------------------------------------------------------

--
-- Table structure for table `gold_formulas`
--

CREATE TABLE `gold_formulas` (
  `formula_id` int NOT NULL,
  `formula_name` varchar(100) COLLATE utf8mb4_unicode_ci NOT NULL COMMENT 'ชื่อสูตร',
  `created_by` int NOT NULL COMMENT 'ผู้บันทึก',
  `created_at` datetime NOT NULL DEFAULT CURRENT_TIMESTAMP COMMENT 'วันที่บันทึก',
  `formula_type` varchar(50) COLLATE utf8mb4_unicode_ci DEFAULT 'per_gold_necklace'
) ENGINE=InnoDB DEFAULT CHARSET=utf8mb4 COLLATE=utf8mb4_unicode_ci;

--
-- Dumping data for table `gold_formulas`
--

INSERT INTO `gold_formulas` (`formula_id`, `formula_name`, `created_by`, `created_at`, `formula_type`) VALUES
(6, 'ทดสอบ', 1, '2025-05-06 10:01:35', 'per_gold_necklace'),
(7, 'หา % งานทั้งหมด', 1, '2025-05-06 10:02:23', 'per_work'),
(8, 'ทดสอบ นป. (ใส่ได้สูงสุดกี่กรัม)', 1, '2025-05-06 13:27:08', 'per_borax'),
(9, 'ทดสอบ16.22', 1, '2025-05-06 16:22:46', 'per_gold_necklace'),
(10, 'ทดสอบโอ๊ต', 1, '2025-05-07 09:55:40', 'per_gold_necklace');

-- --------------------------------------------------------

--
-- Table structure for table `gold_formula_items`
--

CREATE TABLE `gold_formula_items` (
  `item_id` int NOT NULL,
  `formula_id` int NOT NULL COMMENT 'อ้างอิงสูตร',
  `item_name` varchar(100) COLLATE utf8mb4_unicode_ci NOT NULL COMMENT 'ชื่อรายการ',
  `weight` decimal(10,2) DEFAULT NULL COMMENT 'น้ำหนัก (กรัม)',
  `percentage` decimal(10,2) DEFAULT NULL COMMENT 'เปอร์เซ็นต์',
  `item_order` int NOT NULL DEFAULT '0' COMMENT 'ลำดับรายการ'
) ENGINE=InnoDB DEFAULT CHARSET=utf8mb4 COLLATE=utf8mb4_unicode_ci;

--
-- Dumping data for table `gold_formula_items`
--

INSERT INTO `gold_formula_items` (`item_id`, `formula_id`, `item_name`, `weight`, `percentage`, `item_order`) VALUES
(30, 6, 'นน.ทอง', 7.60, NULL, 1),
(31, 6, 'น้ำประสาน(ผง)', 0.50, 72.30, 2),
(32, 6, 'น้ำประสาน(ลวด)', NULL, NULL, 3),
(33, 6, 'หัวใจ', 1.00, 96.50, 4),
(34, 6, 'ดาว', 2.00, 96.50, 5),
(35, 6, 'อื่นๆที่ไม่ใช่ทอง', 2.00, NULL, 6),
(36, 7, 'นน.สร้อยประกอบ', 4.10, 92.59, 1),
(37, 7, 'น้ำประสาน(ผง)', 0.50, 72.30, 2),
(38, 7, 'หัวใจ', 1.00, 96.50, 3),
(39, 7, 'ดาว', 2.00, 96.50, 4),
(40, 7, 'อื่นๆที่ไม่ใช่ทอง', 2.00, NULL, 5),
(41, 8, 'เปอร์เซ็นต์งาน', NULL, 92.80, 1),
(42, 8, 'น้ำหนักสร้อยประกอบ', 4.10, 92.59, 2),
(43, 8, '1.00', 1.00, 96.50, 3),
(44, 8, '2.00', 2.00, 96.50, 4),
(45, 8, 'อื่นๆที่ไม่ใช่ทอง', 2.00, NULL, 5),
(46, 8, 'เปอร์เซ็นต์น้ำประสาน', NULL, 72.30, 6),
(47, 9, 'นน.ทอง', 7.60, NULL, 1),
(48, 9, 'น้ำประสาน(ผง)', 0.50, 72.30, 2),
(49, 9, 'น้ำประสาน(ลวด)', NULL, NULL, 3),
(50, 9, 'หัวใจ', 1.00, 96.50, 4),
(51, 9, 'ดาว', 2.00, 96.50, 5),
(52, 9, 'อื่นๆที่ไม่ใช่ทอง', 2.00, NULL, 6),
(53, 10, 'นน.ทอง', 7.60, NULL, 1),
(54, 10, 'น้ำประสาน(ผง)', 0.50, 72.30, 2),
(55, 10, 'น้ำประสาน(ลวด)', NULL, NULL, 3),
(56, 10, 'หัวใจ', 1.00, 96.50, 4),
(57, 10, 'ดาว', 2.00, 96.50, 5),
(58, 10, 'อื่นๆที่ไม่ใช่ทอง', 2.00, NULL, 6);

-- --------------------------------------------------------

--
-- Table structure for table `gold_type`
--

CREATE TABLE `gold_type` (
  `gold_type_id` int NOT NULL,
  `gold_percentage` decimal(5,2) NOT NULL,
  `gold_density` decimal(5,2) NOT NULL
) ENGINE=InnoDB DEFAULT CHARSET=utf8mb3;

--
-- Dumping data for table `gold_type`
--

INSERT INTO `gold_type` (`gold_type_id`, `gold_percentage`, `gold_density`) VALUES
(1, 96.50, 18.73),
(2, 99.99, 19.30);

-- --------------------------------------------------------

--
-- Table structure for table `necklace_calculation`
--

CREATE TABLE `necklace_calculation` (
  `calculation_id` int NOT NULL,
  `necklace_detail_id` int NOT NULL,
  `weight` decimal(10,2) NOT NULL,
  `length` decimal(10,2) NOT NULL,
  `gold_type` decimal(10,2) NOT NULL,
  `ratio_id` int DEFAULT NULL,
  `created_at` datetime NOT NULL DEFAULT CURRENT_TIMESTAMP
) ENGINE=InnoDB DEFAULT CHARSET=utf8mb3;

--
-- Dumping data for table `necklace_calculation`
--

INSERT INTO `necklace_calculation` (`calculation_id`, `necklace_detail_id`, `weight`, `length`, `gold_type`, `ratio_id`, `created_at`) VALUES
(15, 104, 50.00, 4.00, 18.73, 55, '2025-04-22 13:07:51'),
(16, 105, 100.00, 16.00, 18.73, 56, '2025-04-22 16:36:27'),
(17, 114, 76.00, 10.00, 18.73, 62, '2025-04-28 14:42:57'),
(18, 115, 76.00, 10.00, 18.73, 63, '2025-04-28 14:42:59'),
(19, 142, 25.00, 16.00, 18.73, 71, '2025-04-29 15:00:05');

-- --------------------------------------------------------

--
-- Table structure for table `necklace_detail`
--

CREATE TABLE `necklace_detail` (
  `necklace_detail_id` int NOT NULL,
  `name` varchar(255) CHARACTER SET utf8mb3 COLLATE utf8mb3_general_ci DEFAULT NULL COMMENT 'ลายสร้อย',
  `type` varchar(100) CHARACTER SET utf8mb3 COLLATE utf8mb3_general_ci DEFAULT NULL COMMENT 'ประเภทลวด',
  `ptt_thick` decimal(10,2) DEFAULT NULL COMMENT 'สร้อยต้นแบบ.หนา',
  `ptt_core` decimal(10,2) DEFAULT NULL COMMENT 'สร้อยต้นแบบ.ไส้',
  `ptt_ratio` decimal(5,2) DEFAULT NULL COMMENT 'สร้อยต้นแบบ.อัตราส่วน',
  `agpt_thick` decimal(10,2) DEFAULT NULL COMMENT 'ยังไม่สกัด.รูลวด',
  `agpt_core` decimal(10,2) DEFAULT NULL COMMENT 'ยังไม่สกัด.นน.ลวดก่อนสกัด',
  `agpt_ratio` decimal(5,2) DEFAULT NULL COMMENT 'ยังไม่สกัด.ค.ยาวลวด',
  `true_length` decimal(10,2) DEFAULT NULL COMMENT 'นน.ทองอย่างเดียว.สร้อยยาว',
  `true_weight` decimal(10,2) DEFAULT NULL COMMENT 'นน.ทองอย่างเดียว.น้ำหนัก',
  `comment` varchar(255) CHARACTER SET utf8mb3 COLLATE utf8mb3_general_ci DEFAULT NULL COMMENT 'หมายเหตุ',
  `image` varchar(255) CHARACTER SET utf8mb3 COLLATE utf8mb3_general_ci DEFAULT NULL,
  `pd_status` enum('master','copy') NOT NULL,
  `updated_users_id` int DEFAULT NULL,
  `updated_at` timestamp NULL DEFAULT CURRENT_TIMESTAMP ON UPDATE CURRENT_TIMESTAMP
) ENGINE=InnoDB DEFAULT CHARSET=utf8mb3;

--
-- Dumping data for table `necklace_detail`
--

INSERT INTO `necklace_detail` (`necklace_detail_id`, `name`, `type`, `ptt_thick`, `ptt_core`, `ptt_ratio`, `agpt_thick`, `agpt_core`, `agpt_ratio`, `true_length`, `true_weight`, `comment`, `image`, `pd_status`, `updated_users_id`, `updated_at`) VALUES
(1, 'ลูฟ(กล้ากลม2.5)', 'โปร่ง', 0.35, 5.00, 2.25, 2.90, 3.41, 1.20, 6.80, 35.90, '', '', 'master', 1, '2025-04-07 03:01:13'),
(2, 'ลูฟ(กล้ากลม2.2)', 'โปร่ง', 0.35, 5.00, 2.27, 2.80, 12.01, 4.60, 3.80, 20.48, '', '', 'master', 1, '2025-04-07 02:02:02'),
(3, 'ลูฟ (กล้าคู่ x1.5)', 'โปร่ง', 0.35, 5.00, 2.25, 2.90, 9.67, 3.50, 10.50, 45.96, NULL, '', 'master', 1, '2025-04-09 06:02:14'),
(4, 'ลูฟ (กล้าคู่ x 1.2)', 'โปร่ง', 0.35, 5.00, 2.25, 2.50, 7.81, 3.80, 12.00, 42.16, NULL, '', 'master', 1, '2025-04-09 06:02:14'),
(5, 'สรวิศ 3ชั้น (พี่อ๋อย)', 'โปร่ง', 0.30, 5.00, 2.41, 1.50, 7.95, 10.80, 1.10, 12.61, '', '', 'master', 1, '2025-04-09 06:02:14'),
(6, 'สรวิศ (พี่อ๋อย)', 'โปร่ง', 0.40, 5.00, 2.05, 1.40, 3.63, 5.10, 1.50, 18.00, NULL, '', 'master', 1, '2025-04-09 06:02:14'),
(7, 'คดกริชทรงเครื่อง (พี่สน)', 'โปร่ง', 0.25, 5.00, 3.19, 2.10, 5.10, 3.70, 13.40, 23.06, NULL, '', 'master', 1, '2025-04-09 06:02:14'),
(8, 'เกลียวฝรั่งเศส (พี่เก่ง)', 'โปร่ง', 0.20, 5.00, 3.25, 1.00, 2.94, 9.70, 13.00, 11.75, NULL, '', 'master', 1, '2025-04-09 06:02:14'),
(9, 'ฟิกาโร่', 'โปร่ง', 0.25, 5.00, 2.72, 1.50, 3.54, 5.00, 3.90, 3.57, NULL, '', 'master', 1, '2025-04-09 06:02:14'),
(10, 'เบนซ์', 'โปร่ง', 0.30, 5.00, 2.43, 0.62, 1.23, 10.00, 18.00, 13.26, '', '34f46b1504dba02668252fecbe380b03_67f60f8736acf.webp', 'master', 1, '2025-04-09 06:11:19'),
(11, 'บิดถี่', 'โปร่ง', 0.30, 5.00, 2.38, 0.90, 2.66, 10.00, 6.80, 6.40, NULL, '', 'master', 1, '2025-04-09 06:02:14'),
(12, 'แปดเสา - พี่อ๋อย', 'โปร่ง', 0.30, 5.00, 2.34, 2.30, 68.60, 40.00, 15.50, 292.48, 'กล้า = 6.2 x รูลวด', '', 'master', 1, '2025-04-09 06:02:14'),
(13, 'ฟักแค', 'โปร่ง', 0.35, 5.00, 2.39, 1.10, 3.28, 8.00, 1.10, 4.50, NULL, '', 'master', 1, '2025-04-09 06:02:14'),
(14, 'คดกริช', 'โปร่ง', 0.30, 5.00, 2.46, 0.60, 1.75, 9.60, 11.50, 3.22, NULL, '', 'master', 1, '2025-04-09 06:02:14'),
(15, 'บิดนูน', 'โปร่ง', 0.30, 5.00, 2.49, 0.90, 4.44, 17.00, 12.40, 8.49, NULL, '', 'master', 1, '2025-04-09 06:02:14'),
(16, 'ผ่าหวาย', 'โปร่ง', 0.30, 5.00, 2.44, 1.00, 3.09, 9.10, 4.00, 1.64, NULL, '', 'master', 1, '2025-04-09 06:02:14'),
(17, 'ฝรั่งเศส', 'ตัน', NULL, NULL, NULL, 1.30, NULL, 1.00, 8.90, 22.32, NULL, '', 'master', 1, '2025-04-09 06:02:14'),
(18, 'ทองคำขาว (สร้อยต้นแบบรู1.30 อิตาลี)', 'ตัน', NULL, NULL, NULL, 1.30, NULL, 27.00, 27.02, 88.33, NULL, '', 'master', 1, '2025-04-09 06:02:14'),
(19, 'ทองคำขาว (สร้อยต้นแบบ งานทอรู0.80)', 'โปร่ง', 0.40, 5.00, 2.08, 0.80, 4.39, 20.00, 3.80, 1.61, NULL, '', 'master', 1, '2025-04-09 06:02:14'),
(20, 'คดกริชทรงเครื่อง (ทอ)', 'ตัน', NULL, NULL, NULL, 1.00, NULL, 1.00, 1.90, 4.62, NULL, '', 'master', 1, '2025-04-09 06:02:14'),
(21, 'เกล็ดดาว (ทำจากลูฟ)', 'ตัน', NULL, NULL, NULL, 1.00, NULL, 1.00, 1.20, 10.01, NULL, '', 'master', 1, '2025-04-09 06:02:14'),
(22, 'ลอเรนซ์ (พี่แดน)', 'โปร่ง', 0.30, NULL, 2.42, 2.00, 2.40, 1.85, 5.00, 19.70, 'ความโต ตรง', '', 'master', 1, '2025-04-09 06:02:14'),
(23, 'กระดูกมังกร(พี่น้อย)', 'โปร่ง', 0.30, 5.00, 2.50, 1.60, 9.88, 12.00, 1.00, 3.95, NULL, '', 'master', 1, '2025-04-09 06:02:14'),
(24, 'วีเทค(งานทอ)ก่อนใส่หวาย', 'โปร่ง', 0.25, 5.00, 2.69, 1.25, 7.65, 15.70, 4.30, 5.74, NULL, '', 'master', 1, '2025-04-09 06:02:14'),
(25, 'ซูลคาต้า', 'โปร่ง', 0.27, 5.00, 2.48, 1.60, 2.39, 3.00, 1.60, 6.90, NULL, '', 'master', 1, '2025-04-09 06:02:14'),
(26, 'มัดกลางขนแมว(ส.พี่อ๋อย/ลวดอ๋อม)', 'โปร่ง', 0.25, 5.00, 2.85, 1.20, 3.29, 7.50, 4.20, 3.95, NULL, '', 'master', 1, '2025-04-09 06:02:14'),
(27, 'กระดูกงู(งานทอ)', 'โปร่ง', 0.30, 5.00, 2.36, 0.80, 0.72, 3.60, 6.10, 3.44, NULL, '', 'master', 1, '2025-04-09 06:02:14'),
(28, 'โคโค่', 'โปร่ง', 0.30, 5.00, 2.34, 2.00, 1.10, 0.90, 4.00, 7.00, NULL, '', 'master', 1, '2025-04-09 06:02:14'),
(29, 'กระดูกมังกร(พี่ตินัย)', 'โปร่ง', 0.30, 5.00, 2.47, 1.80, 10.82, 10.35, 15.60, 68.37, NULL, '', 'master', 1, '2025-04-09 06:02:14'),
(30, 'โอลิมปิก(พี่อ๋อย)', 'โปร่ง', 0.30, 5.00, 2.40, 1.80, 5.00, 5.00, 1.00, 8.88, NULL, '', 'master', 1, '2025-04-09 06:02:14'),
(31, 'วินเทจ(พี่อ๋อย)', 'โปร่ง', 0.30, 5.00, 2.36, 1.20, 9.00, 20.00, 1.50, 3.39, NULL, '', 'master', 1, '2025-04-09 06:02:14'),
(32, 'นาคี(ต๊อกแต๊ก)', 'โปร่ง', 0.50, 5.00, 1.90, 4.50, 35.01, 5.00, 4.50, 53.62, NULL, '', 'master', 1, '2025-04-09 06:02:14'),
(33, 'เกล็ดมัจฉา(พี่อ๋อย)', 'โปร่ง', 0.30, 5.00, 2.45, 1.00, 1.43, 4.20, 0.80, 3.22, NULL, '', 'master', 1, '2025-04-09 06:02:14'),
(34, 'รุ่งตะวัน(งานทอ)', 'โปร่ง', 0.45, 5.00, 1.97, 1.30, 13.20, 22.19, 2.00, 11.23, NULL, '', 'master', 1, '2025-04-09 06:02:14'),
(35, 'บิดถี่งานทอ(10/1/67)', 'โปร่ง', 0.25, 5.00, 2.47, 1.20, 4.57, 10.00, 3.60, 6.60, NULL, '', 'master', 1, '2025-04-09 06:02:14'),
(36, 'กระดูกงูประกอบวิยดา(พี่น้อย) - ไม่ทุบ', 'โปร่ง', 0.30, 5.00, 2.33, 1.70, 5.90, 6.20, 1.00, 2.53, NULL, '', 'master', 1, '2025-04-09 06:02:14'),
(37, 'กระดูกงูประกอบวิยดา(พี่น้อย) - ทุบ', 'โปร่ง', 0.30, 5.00, 2.33, 1.70, 5.90, 6.20, 1.00, 2.53, NULL, '', 'master', 1, '2025-04-09 06:02:14'),
(38, 'โลร็อง(งานทอ) 24/1/67', 'โปร่ง', 0.25, 5.00, 2.50, 1.30, 4.45, 10.00, 6.10, 12.08, NULL, '', 'master', 1, '2025-04-09 06:02:14'),
(39, 'โลร็อง(งานทอ) 28/2/67', 'โปร่ง', 0.25, 5.00, 2.51, 0.78, 1.97, 10.00, 1.00, 0.67, NULL, '', 'master', 1, '2025-04-09 06:02:14'),
(40, 'อาลีซัน 28/2/67', 'โปร่ง', 0.25, 5.00, 2.51, 0.78, 1.97, 10.00, 1.00, 1.14, NULL, '', 'master', 1, '2025-04-09 06:02:14'),
(41, 'อาลีซัน (สร้อยอ๋อม/ลวดพี่อ๋อย)', 'โปร่ง', 0.30, 5.00, 2.36, 1.20, 9.00, 20.00, 1.00, 3.92, NULL, '', 'master', 1, '2025-04-09 06:02:14'),
(42, 'อาลีซัน 5/3/67', 'โปร่ง', 0.25, 5.00, 2.41, 1.30, 5.62, 10.10, 1.80, 8.67, NULL, '', 'master', 1, '2025-04-09 06:02:14'),
(43, 'อาลีซัน 5/3/67 (V2)', 'โปร่ง', 0.25, 5.00, 2.41, 1.30, 4.45, 10.00, 1.80, 8.67, NULL, '', 'master', 1, '2025-04-09 06:02:14'),
(44, 'อาลีซัน (ล่าสุด: 8/3/67)', 'โปร่ง', 0.30, 5.00, 2.31, 1.20, 4.75, 10.00, 1.80, 6.86, NULL, '', 'master', 1, '2025-04-09 06:02:14'),
(45, 'หางกระรอก(พี่อ๋อย)', 'โปร่ง', 0.30, 5.00, 2.40, 1.05, 3.84, 10.70, 0.90, 2.50, NULL, '', 'master', 1, '2025-04-09 06:02:14'),
(46, 'บิดซ้อนสี่ชั้น', 'โปร่ง', 0.28, 5.00, 2.35, 0.80, 2.05, 10.00, 2.35, 3.44, NULL, '', 'master', 1, '2025-04-09 06:02:14'),
(47, 'กระดูกมังกร(พี่ตินัย) V2', 'โปร่ง', 0.30, 5.00, 2.20, 1.60, 8.87, 10.30, 15.50, 68.00, NULL, '', 'master', 1, '2025-04-09 06:02:14'),
(48, 'ลูฟ(งานทอ)', 'โปร่ง', 0.30, 5.00, 2.31, 1.20, 4.75, 10.00, 2.60, 2.06, NULL, '', 'master', 1, '2025-04-09 06:02:14'),
(49, 'แปดเซียน(งานทอ)', 'โปร่ง', 0.30, 5.00, 2.22, 0.90, 2.66, 10.00, 4.10, 29.16, NULL, '', 'master', 1, '2025-04-09 06:02:14'),
(51, 'ฟ้าหญิง1เส้น(ทุบแล้ว) ไว้ทำแพ', 'โปร่ง', 0.35, 5.00, 2.25, 0.60, 1.20, 10.00, 9.00, 2.22, NULL, '', 'master', 1, '2025-04-09 06:02:14'),
(52, 'นาคี(เบียร์) 25/7/67', 'โปร่ง', 0.40, 5.00, 1.92, 4.40, 16.61, 2.50, 13.70, 163.19, NULL, '', 'master', 1, '2025-04-09 06:02:14'),
(53, 'บิดซ้อน2ชั้น(พี่อ๋อย)', 'โปร่ง', 0.23, 5.00, 2.57, 2.20, 15.42, 10.10, 2.20, 16.96, NULL, '', 'master', 1, '2025-04-09 06:02:14'),
(54, 'เกล็ดมังกร', 'โปร่ง', 0.25, 5.00, 2.49, 0.62, 1.22, 10.00, 3.70, 5.34, NULL, '', 'master', 1, '2025-04-09 06:02:14'),
(55, 'แปดเสา(แบบห่าง) - พี่อ๋อย', 'โปร่ง', 0.25, 5.00, 2.46, 0.95, 4.40, 15.10, 1.10, 2.93, NULL, '', 'master', 1, '2025-04-09 06:02:14'),
(56, 'รุ่งตะวัน (พี่อ๋อย)', 'โปร่ง', 0.27, 5.00, 2.48, 1.30, 5.50, 10.10, 2.10, 8.52, NULL, '', 'master', 1, '2025-04-09 06:02:14'),
(57, 'อาลีซัน(โซ่บิด)', 'โปร่ง', 0.35, 5.00, 2.27, 0.73, 2.61, 14.90, 20.10, 27.38, NULL, '', 'master', 1, '2025-04-09 06:02:14'),
(58, 'ดิสโก้ตัน', 'ตัน', NULL, NULL, NULL, 0.50, NULL, 1.00, 4.00, 3.05, NULL, '', 'master', 1, '2025-04-09 06:02:14'),
(59, 'บิดซ้อนสามชั้น - (พี่อ๋อย)', 'โปร่ง', 0.25, 5.00, 2.59, 2.00, 13.00, 10.10, 3.20, 28.22, NULL, '', 'master', 1, '2025-04-09 06:02:14'),
(60, 'บิดตาม้า(ก้อง)', 'ตัน', NULL, NULL, NULL, 1.60, NULL, 1.00, 3.90, 28.30, NULL, '', 'master', 1, '2025-04-09 06:02:14'),
(61, 'บิดตาม้า (ช่างนอก) ยังไม่เสร็จ', 'ตัน', NULL, NULL, NULL, 2.00, NULL, 1.00, 3.00, 30.72, NULL, '', 'master', 1, '2025-04-09 06:02:14'),
(66, 'ลูฟ(กล้ากลมx2.0)', 'โปร่ง', 0.30, 5.00, 2.25, 2.80, 26.16, 10.00, 3.50, 17.42, 'AAAA', '', 'master', 1, '2025-04-09 06:02:14'),
(68, 'รุ่งตะวัน - อังค์', 'โปร่ง', 0.30, 5.00, 2.45, 1.00, 9.85, 5.30, 3.20, 8.37, 'กล้า = รูลวด คูณ 3.2', '', 'master', 1, '2025-04-09 06:02:14'),
(76, 'ลูฟ (พี่ไปป์) กล้า 3.0', 'โปร่ง', 0.40, 5.00, 2.20, 1.80, 5.60, 12.00, 5.20, 11.36, 'กล้า มาจากรูลวด x3.00 ', 'search_67f72fa3853b6.webp', 'master', 6, '2025-04-10 04:09:20'),
(89, 'ซีตรอง(งานทอ)', 'ตัน', NULL, NULL, NULL, 0.60, 1.96, 10.00, 18.10, 28.20, '', NULL, 'master', 2, '2025-04-21 06:33:53'),
(104, 'เบนซ์5 (สำเนาเบนซ์)', 'โปร่ง', 0.30, 5.00, 2.43, 0.62, 1.23, 10.00, 18.00, 13.26, '', NULL, 'copy', 1, '2025-04-22 06:07:51'),
(105, 'เบนซ์ 100กรัม ', 'โปร่ง', 0.30, 5.00, 2.43, 0.62, 1.23, 10.00, 18.00, 13.26, ' (ทดลองยังไม่ได้เช็ค)', 'e8515e99-209d-4a67-b451-1299276a1df8_680af15c0dd21.webp', 'copy', 6, '2025-04-25 02:20:12'),
(108, 'ซีโอ(งานทอ)', 'ตัน', NULL, NULL, NULL, 0.65, 2.30, 10.00, 10.00, 9.29, '', NULL, 'master', 2, '2025-04-24 07:42:15'),
(110, 'ทดลองเบ็นซ์', 'โปร่ง', 0.30, 5.00, 2.43, 0.62, 1.23, 10.00, 18.00, 5.46, 'ทดสอบต้นแบบ ', NULL, 'master', 13, '2025-04-28 09:17:41'),
(112, 'เบนซ์ เฟิร์น', 'โปร่ง', 0.30, 5.00, 2.43, 0.62, 1.23, 10.00, 18.00, 5.46, 'ทอดสอบ 15', NULL, 'master', 15, '2025-04-28 07:31:26'),
(114, 'ทดสอบก็อป', 'โปร่ง', 0.30, 5.00, 2.43, 0.62, 1.23, 10.00, 18.00, 5.46, '10นิ้ว', NULL, 'copy', 1, '2025-04-28 07:42:57'),
(115, 'ทดสอบเฟิร์น', 'โปร่ง', 0.30, 5.00, 2.43, 0.62, 1.23, 10.00, 18.00, 5.46, '10 นิ้ว', NULL, 'copy', 15, '2025-04-28 07:42:59'),
(116, 'บิดนูน ช.โภชน์', 'โปร่ง', 30.00, 500.00, 2.50, 142.00, 62.00, 96.00, 16.00, 25.60, 'กล้า568', 's__26157087_680f42290e8e9.webp', 'master', 18, '2025-04-28 08:54:01'),
(135, 'ลูฟ ช.โภชน์', 'โปร่ง', 40.00, 500.00, 2.15, 285.00, 45.00, 16.70, 4.80, 21.40, 'กล้า', NULL, 'master', 18, '2025-04-28 10:34:23'),
(136, 'ค.แปดเสา ช.เบียร์ (ส.ต้นแบบ5บ.)                                                                                       ', 'โปร่ง', 0.29, 5.00, 2.51, 1.15, 156.10, 402.00, 17.00, 63.46, '*กล้า6.90', 's__53919748_68103819dd731.webp', 'master', 12, '2025-05-05 02:29:13'),
(138, 'คตกริชโปร่ง', 'โปร่ง', 20.00, 46.00, 3.70, 220.00, 90.00, 17.00, 17.00, 24.32, '', NULL, 'master', 20, '2025-04-29 07:21:38'),
(139, 'แปดเซียน - โอ๊ต', 'โปร่ง', 0.30, 5.00, 2.22, 0.90, 2.66, 10.00, 4.10, 29.16, 'กล้า เอารูลวด x 2.55', NULL, 'master', 1, '2025-04-29 07:27:29'),
(141, 'แปดเซียน 11', 'โปร่ง', 0.30, 5.00, 2.22, 0.90, 2.66, 10.00, 4.10, 29.16, 'รูลวด', NULL, 'master', 20, '2025-04-29 07:27:52'),
(142, 'ต้าลอง8', 'โปร่ง', 0.30, 5.00, 2.22, 0.90, 2.66, 10.00, 4.10, 29.16, 'ลองดู', NULL, 'copy', 20, '2025-04-29 08:00:04'),
(143, 'ค.แปดเสา ช.เบียร์ (ส.ต้นแบบจัมโบ้3บ.)5/5/68', 'โปร่ง', 0.29, 5.00, 2.51, 0.85, 110.00, 365.00, 18.00, 35.86, '*กล้า680 (จัมโบ้) 05/05/68', NULL, 'master', 12, '2025-05-05 02:45:43'),
(144, 'แปดเสา ช.เสริฐ', 'โปร่ง', 29.00, 500.00, 2.74, 75.00, 1.30, 10.00, 0.50, 0.62, 'ก้า *8 ', NULL, 'master', 14, '2025-05-05 04:55:15'),
(145, 'บิดซ้อน 2ส. (นาค)', 'โปร่ง', 0.25, 5.00, 2.80, 0.80, 2.03, 10.00, 4.00, 5.57, 'รูลวด x 10.5', 's__31358989_681abd9e57426.webp', 'master', 13, '2025-05-07 01:55:42'),
(147, 'ลายสร้อยทาโร้โป่ง', 'โปร่ง', 20.00, 500.00, 3.52, 165.00, 40.00, 4.00, 13.50, 11.36, '', NULL, 'master', 19, '2025-05-07 07:04:41');

-- --------------------------------------------------------

--
-- Table structure for table `necklace_detail_parts`
--

CREATE TABLE `necklace_detail_parts` (
  `ndp_id` int NOT NULL,
  `pnd_id` int NOT NULL,
  `wire_hole` decimal(10,2) DEFAULT NULL COMMENT 'สร้อย.รู',
  `wire_thick` decimal(10,2) DEFAULT NULL COMMENT 'สร้อย.หนา',
  `wire_core` decimal(10,2) DEFAULT NULL COMMENT 'สร้อย.ไส้',
  `scale_wire_weight` decimal(10,2) DEFAULT NULL COMMENT 'สร้อย.กว้าง(มม.)',
  `scale_wire_thick` decimal(10,2) DEFAULT NULL COMMENT 'สร้อย.หนา(มม.)',
  `parts_weight` decimal(10,2) DEFAULT NULL COMMENT 'อะไหล่.กว้าง(มม.)',
  `parts_height` decimal(10,2) DEFAULT NULL COMMENT 'อะไหล่.สูง(มม.)',
  `parts_thick` decimal(10,2) DEFAULT NULL COMMENT 'อะไหล่.หนา(มม.)'
) ENGINE=InnoDB DEFAULT CHARSET=utf8mb3;

--
-- Dumping data for table `necklace_detail_parts`
--

INSERT INTO `necklace_detail_parts` (`ndp_id`, `pnd_id`, `wire_hole`, `wire_thick`, `wire_core`, `scale_wire_weight`, `scale_wire_thick`, `parts_weight`, `parts_height`, `parts_thick`) VALUES
(156, 624, NULL, NULL, NULL, NULL, NULL, 26.33, 41.39, 5.30),
(157, 625, NULL, NULL, NULL, NULL, NULL, 6.94, 6.94, 2.50),
(158, 626, NULL, NULL, NULL, NULL, NULL, 5.11, 24.72, 0.60),
(159, 627, NULL, NULL, NULL, NULL, NULL, 1.40, 24.97, 1.40),
(160, 628, 0.00, 0.00, 0.00, 24.97, 4.70, NULL, NULL, NULL),
(161, 629, NULL, NULL, NULL, NULL, NULL, 0.00, 0.00, 0.00),
(220, 715, NULL, NULL, NULL, NULL, NULL, 14.29, 32.40, 12.53),
(221, 716, NULL, NULL, NULL, NULL, NULL, 11.25, 26.63, 12.40),
(222, 717, NULL, NULL, NULL, NULL, NULL, 9.32, 27.20, 9.32),
(223, 718, NULL, NULL, NULL, NULL, NULL, 6.96, 6.96, 1.83),
(224, 719, 0.57, 0.43, 4.40, 9.94, 9.94, NULL, NULL, NULL),
(239, 740, 1.20, 0.30, 5.00, 12.50, 20.00, NULL, NULL, NULL),
(240, 741, 1.10, 0.30, 5.00, 10.00, 20.00, NULL, NULL, NULL),
(241, 742, 1.00, 0.30, 5.00, 7.50, 20.00, NULL, NULL, NULL),
(242, 743, 1.20, 0.30, 5.00, 30.00, 20.00, NULL, NULL, NULL),
(243, 744, 1.10, 0.30, 5.00, 30.00, 20.00, NULL, NULL, NULL),
(244, 745, 1.00, 0.30, 5.00, 30.00, 20.00, NULL, NULL, NULL),
(245, 746, NULL, NULL, NULL, NULL, NULL, 62.50, 45.00, 25.00),
(288, 813, 0.38, 0.43, 4.20, 5.90, 5.70, NULL, NULL, NULL),
(289, 814, NULL, NULL, NULL, NULL, NULL, 9.10, 17.80, 1.60),
(290, 815, NULL, NULL, NULL, NULL, NULL, 7.10, 7.10, 0.50),
(295, 824, 0.38, 0.41, 4.60, 5.70, 5.70, NULL, NULL, NULL),
(296, 825, NULL, NULL, NULL, NULL, NULL, 13.40, 26.90, 13.40),
(297, 826, NULL, NULL, NULL, NULL, NULL, 13.40, 26.90, 13.40),
(298, 827, NULL, NULL, NULL, NULL, NULL, 6.30, 22.10, 6.30),
(299, 828, NULL, NULL, NULL, NULL, NULL, 6.30, 22.10, 6.30),
(302, 835, 0.57, 0.43, 4.40, 7.00, 7.00, NULL, NULL, NULL),
(303, 836, NULL, NULL, NULL, NULL, NULL, 2.82, 3.52, 2.82),
(314, 853, NULL, NULL, NULL, NULL, NULL, 8.40, 8.40, 0.40),
(315, 854, NULL, NULL, NULL, NULL, NULL, 0.00, 0.00, 0.00),
(316, 855, NULL, NULL, NULL, NULL, NULL, 8.40, 8.40, 3.00),
(317, 856, NULL, NULL, NULL, NULL, NULL, 0.00, 0.00, 0.00),
(318, 857, 0.00, 0.00, 0.00, 9.40, 3.00, NULL, NULL, NULL),
(331, 878, 0.57, 0.43, 4.40, 9.94, 9.94, NULL, NULL, NULL),
(332, 879, NULL, NULL, NULL, NULL, NULL, 6.96, 6.96, 1.83),
(333, 880, NULL, NULL, NULL, NULL, NULL, 9.36, 6.93, 1.83),
(336, 887, NULL, NULL, NULL, NULL, NULL, 0.00, 0.00, 0.00),
(337, 888, 0.00, 0.00, 0.00, 7.05, 4.38, NULL, NULL, NULL);

-- --------------------------------------------------------

--
-- Table structure for table `necklace_proportions`
--

CREATE TABLE `necklace_proportions` (
  `proportions_id` int NOT NULL,
  `necklace_detail_id` int NOT NULL,
  `shapeshape_necklace` enum('วงกลม','สี่เหลี่ยม','') CHARACTER SET utf8mb3 COLLATE utf8mb3_general_ci NOT NULL,
  `proportions_size` decimal(5,2) DEFAULT NULL COMMENT 'รูลวด',
  `proportions_width` decimal(5,2) DEFAULT NULL COMMENT 'หน้ากว้าง(มม.)',
  `proportions_thick` decimal(5,2) DEFAULT NULL COMMENT 'หนา(มม.)'
) ENGINE=InnoDB DEFAULT CHARSET=utf8mb3;

--
-- Dumping data for table `necklace_proportions`
--

INSERT INTO `necklace_proportions` (`proportions_id`, `necklace_detail_id`, `shapeshape_necklace`, `proportions_size`, `proportions_width`, `proportions_thick`) VALUES
(2, 10, 'สี่เหลี่ยม', 2.25, 9.70, 10.60),
(3, 11, 'สี่เหลี่ยม', 0.90, 7.60, 1.31),
(4, 22, 'สี่เหลี่ยม', 2.00, 10.50, 3.00),
(5, 24, 'สี่เหลี่ยม', 1.25, 6.65, 5.15),
(6, 29, 'สี่เหลี่ยม', 1.80, 6.95, 6.95),
(7, 35, 'สี่เหลี่ยม', 1.60, 12.55, 3.50),
(8, 47, 'สี่เหลี่ยม', 1.60, 6.10, 6.10),
(9, 48, 'สี่เหลี่ยม', 1.30, 4.70, 2.77),
(11, 51, 'สี่เหลี่ยม', 0.60, 1.56, 1.53),
(12, 54, 'สี่เหลี่ยม', 0.62, 5.60, 5.04),
(13, 49, 'วงกลม', 0.90, 15.20, NULL),
(20, 66, 'สี่เหลี่ยม', 2.80, 11.50, 4.05),
(22, 68, 'สี่เหลี่ยม', 1.00, 5.25, 5.25),
(23, 5, 'สี่เหลี่ยม', 2.20, 18.18, 17.79),
(32, 76, 'สี่เหลี่ยม', 1.80, 3.00, 1.85),
(38, 89, 'สี่เหลี่ยม', 0.60, 0.00, 0.00),
(44, 104, 'สี่เหลี่ยม', 2.25, 9.70, 10.60),
(45, 105, 'สี่เหลี่ยม', 2.25, 9.70, 10.60),
(47, 108, 'สี่เหลี่ยม', 0.65, 0.00, 0.00),
(49, 110, 'สี่เหลี่ยม', 0.62, 9.70, 10.60),
(51, 112, 'สี่เหลี่ยม', 0.62, 9.70, 10.60),
(53, 114, 'สี่เหลี่ยม', 2.25, 9.70, 10.60),
(54, 115, 'สี่เหลี่ยม', 0.62, 9.70, 10.60),
(55, 116, 'สี่เหลี่ยม', 142.00, 5.77, 2.80),
(57, 135, 'สี่เหลี่ยม', 285.00, 11.80, 4.00),
(58, 136, 'สี่เหลี่ยม', 1.15, 9.50, 10.00),
(60, 138, 'สี่เหลี่ยม', 220.00, 4.00, 4.00),
(61, 139, 'วงกลม', 0.90, 15.20, 0.00),
(63, 141, 'วงกลม', 0.90, 15.20, 0.00),
(64, 142, 'วงกลม', 0.90, 15.20, 0.00),
(65, 143, 'วงกลม', 0.85, 8.90, 0.00),
(66, 144, 'วงกลม', 75.00, 7.50, 0.00),
(67, 145, 'สี่เหลี่ยม', 0.80, 11.48, 1.76),
(69, 147, 'วงกลม', 165.00, 5.00, 0.00);

-- --------------------------------------------------------

--
-- Table structure for table `necklace_sharing`
--

CREATE TABLE `necklace_sharing` (
  `sharing_id` int NOT NULL,
  `nd_id` int NOT NULL,
  `users_id` int NOT NULL,
  `sharing_by` int NOT NULL,
  `updated_at` timestamp NOT NULL DEFAULT CURRENT_TIMESTAMP
) ENGINE=InnoDB DEFAULT CHARSET=utf8mb3;

-- --------------------------------------------------------

--
-- Table structure for table `necklace_tbs`
--

CREATE TABLE `necklace_tbs` (
  `tbs_id` int NOT NULL,
  `tbs_name` varchar(60) DEFAULT NULL,
  `necklace_detail_id` int NOT NULL,
  `tbs_before` decimal(5,2) DEFAULT '1.00',
  `tbs_after` decimal(5,2) DEFAULT '1.00'
) ENGINE=InnoDB DEFAULT CHARSET=utf8mb3;

--
-- Dumping data for table `necklace_tbs`
--

INSERT INTO `necklace_tbs` (`tbs_id`, `tbs_name`, `necklace_detail_id`, `tbs_before`, `tbs_after`) VALUES
(5, 'A', 3, 10.50, 9.80),
(6, 'B', 3, 9.80, 10.80),
(7, 'A', 4, 12.00, 11.40),
(8, 'B', 4, 11.40, 12.40),
(11, 'A', 6, 1.00, 1.00),
(12, 'B', 6, 1.00, 1.00),
(13, 'A', 7, 1.00, 1.00),
(14, 'B', 7, 1.00, 1.00),
(15, 'A', 8, 1.00, 1.00),
(16, 'B', 8, 1.00, 1.00),
(17, 'A', 9, 1.00, 1.00),
(18, 'B', 9, 1.00, 1.00),
(19, 'A', 10, 1.00, 1.00),
(20, 'B', 10, 1.00, 1.00),
(21, 'A', 11, 1.00, 1.00),
(22, 'B', 11, 1.00, 1.00),
(23, 'A', 12, 1.00, 1.00),
(24, 'B', 12, 1.00, 1.00),
(25, 'A', 13, 1.00, 1.00),
(26, 'B', 13, 1.00, 1.00),
(27, 'A', 14, 1.00, 1.00),
(28, 'B', 14, 1.00, 1.00),
(29, 'A', 15, 1.00, 1.00),
(30, 'B', 15, 1.00, 1.00),
(31, 'A', 16, 1.00, 1.00),
(32, 'B', 16, 1.00, 1.00),
(33, 'A', 17, 1.00, 1.00),
(34, 'B', 17, 1.00, 1.00),
(35, 'A', 18, 1.00, 1.00),
(36, 'B', 18, 1.00, 1.00),
(37, 'A', 19, 1.00, 1.00),
(38, 'B', 19, 1.00, 1.00),
(39, 'A', 20, 1.00, 1.00),
(40, 'B', 20, 1.00, 1.00),
(41, 'A', 21, 1.00, 1.00),
(42, 'B', 21, 1.00, 1.00),
(43, 'A', 22, 1.00, 1.00),
(44, 'B', 22, 1.00, 1.00),
(45, 'A', 23, 5.60, 5.80),
(46, 'B', 23, 1.00, 1.00),
(47, 'A', 24, 1.00, 1.00),
(48, 'B', 24, 1.00, 1.00),
(49, 'A', 25, 1.00, 1.00),
(50, 'B', 25, 1.00, 1.00),
(51, 'A', 26, 1.00, 1.00),
(52, 'B', 26, 1.00, 1.00),
(53, 'A', 27, 1.00, 1.00),
(54, 'B', 27, 1.00, 1.00),
(55, 'A', 28, 1.00, 1.00),
(56, 'B', 28, 1.00, 1.00),
(57, 'A', 29, 15.60, 15.80),
(58, 'B', 29, 15.80, 15.70),
(59, 'C', 29, 15.70, 15.80),
(60, 'A', 30, 1.00, 1.00),
(61, 'B', 30, 1.00, 1.00),
(62, 'A', 31, 1.00, 1.00),
(63, 'B', 31, 1.00, 1.00),
(64, 'A', 32, 4.50, 4.30),
(65, 'B', 32, 1.00, 1.00),
(66, 'A', 33, 1.00, 1.00),
(67, 'B', 33, 1.00, 1.00),
(68, 'A', 34, 1.00, 1.00),
(69, 'B', 34, 1.00, 1.00),
(70, 'A', 35, 1.00, 1.00),
(71, 'B', 35, 1.00, 1.00),
(72, 'A', 36, 1.00, 1.00),
(73, 'B', 36, 1.00, 1.00),
(74, 'A', 37, 5.00, 5.90),
(75, 'B', 37, 1.00, 1.00),
(76, 'A', 38, 1.00, 1.00),
(77, 'B', 38, 1.00, 1.00),
(78, 'A', 39, 1.00, 1.00),
(79, 'B', 39, 1.00, 1.00),
(80, 'A', 40, 1.00, 1.00),
(81, 'B', 40, 1.00, 1.00),
(82, 'A', 41, 1.00, 1.00),
(83, 'B', 41, 1.00, 1.00),
(84, 'A', 42, 1.00, 1.00),
(85, 'B', 42, 1.00, 1.00),
(86, 'A', 43, 1.00, 1.00),
(87, 'B', 43, 1.00, 1.00),
(88, 'A', 44, 1.00, 1.00),
(89, 'B', 44, 1.00, 1.00),
(90, 'A', 45, 1.00, 1.00),
(91, 'B', 45, 1.00, 1.00),
(92, 'A', 46, 1.00, 1.00),
(93, 'B', 46, 1.00, 1.00),
(94, 'A', 47, 1.00, 1.00),
(95, 'B', 47, 1.00, 1.00),
(96, 'A', 48, 1.00, 1.00),
(97, 'B', 48, 1.00, 1.00),
(98, 'A', 49, 1.00, 1.00),
(99, 'B', 49, 1.00, 1.00),
(102, 'A', 51, 1.00, 1.00),
(103, 'B', 51, 1.00, 1.00),
(104, 'A', 52, 1.00, 1.00),
(105, 'B', 52, 1.00, NULL),
(106, 'A', 53, 1.00, 1.00),
(107, 'B', 53, 1.00, 1.00),
(108, 'A', 54, 1.00, 1.00),
(109, 'B', 54, 1.00, 1.00),
(110, 'A', 55, 1.00, 1.00),
(111, 'B', 55, 1.00, 1.00),
(112, 'A', 56, 1.00, 1.00),
(113, 'B', 56, 1.00, 1.00),
(114, 'A', 57, 1.00, 1.00),
(115, 'B', 57, 1.00, 1.00),
(116, 'A', 58, 1.00, 1.00),
(117, 'B', 58, 1.00, 1.00),
(118, 'A', 59, 1.00, 1.00),
(119, 'B', 59, 1.00, 1.00),
(120, 'A', 60, 3.90, 4.10),
(121, 'B', 60, 4.10, 4.10),
(122, 'A', 61, 1.00, 1.00),
(123, 'B', 61, 1.00, 1.00),
(138, 'A', 66, 1.00, 1.00),
(139, 'B', 66, 1.00, 1.00),
(142, 'A', 68, 1.00, 1.00),
(143, 'B', 68, 1.00, 1.00),
(144, 'A', 5, 1.00, 1.00),
(145, 'B', 5, 1.00, 1.00),
(160, 'A', 2, 1.00, 1.00),
(161, 'B', 2, 1.00, 1.00),
(162, 'A', 1, 1.00, 1.00),
(163, 'B', 1, 1.00, 1.00),
(172, 'A', 10, 1.00, 1.00),
(173, 'B', 10, 1.00, 1.00),
(174, 'A', 10, 1.00, 1.00),
(175, 'B', 10, 1.00, 1.00),
(176, 'A', 10, 1.00, 1.00),
(177, 'B', 10, 1.00, 1.00),
(182, 'A', 10, 1.00, 1.00),
(183, 'B', 10, 1.00, 1.00),
(188, 'A', 10, 1.00, 1.00),
(189, 'B', 10, 1.00, 1.00),
(190, 'A', 10, 1.00, 1.00),
(191, 'B', 10, 1.00, 1.00),
(194, 'A', 10, 1.00, 1.00),
(195, 'B', 10, 1.00, 1.00),
(198, 'A', 76, 1.00, 1.00),
(199, 'B', 76, 1.00, 1.00),
(200, 'A', 76, 1.00, 1.00),
(201, 'B', 76, 1.00, 1.00),
(202, 'A', 76, 1.00, 1.00),
(203, 'B', 76, 1.00, 1.00),
(274, 'A', 89, 1.00, 1.00),
(275, 'B', 89, 1.00, 1.00),
(276, 'A', 89, 1.00, 1.00),
(277, 'B', 89, 1.00, 1.00),
(278, 'A', 89, 1.00, 1.00),
(279, 'B', 89, 1.00, 1.00),
(326, 'A', 104, 1.00, 1.00),
(327, 'B', 104, 1.00, 1.00),
(328, 'A', 105, 1.00, 1.00),
(329, 'B', 105, 1.00, 1.00),
(332, 'A', 108, 1.00, 1.00),
(333, 'B', 108, 1.00, 1.00),
(334, 'A', 105, 1.00, 1.00),
(335, 'B', 105, 1.00, 1.00),
(338, 'A', 110, 1.00, 1.00),
(339, 'B', 110, 1.00, 1.00),
(342, 'A', 112, 1.00, 1.00),
(343, 'B', 112, 1.00, 1.00),
(346, 'A', 110, 1.00, 1.00),
(347, 'B', 110, 1.00, 1.00),
(350, 'A', 114, 1.00, 1.00),
(351, 'B', 114, 1.00, 1.00),
(352, 'A', 115, 1.00, 1.00),
(353, 'B', 115, 1.00, 1.00),
(354, 'A', 116, 1.00, 1.00),
(355, 'B', 116, 1.00, 1.00),
(356, 'A', 110, 1.00, 1.00),
(357, 'B', 110, 1.00, 1.00),
(364, 'A', 135, 1.00, 1.00),
(365, 'B', 135, 1.00, 1.00),
(366, 'A', 136, 1.00, 1.00),
(367, 'B', 136, 1.00, 1.00),
(368, 'A', 136, 1.00, 1.00),
(369, 'B', 136, 1.00, 1.00),
(372, 'A', 138, 1.00, 1.00),
(373, 'B', 138, 1.00, 1.00),
(374, 'A', 139, 1.00, 1.00),
(375, 'B', 139, 1.00, 1.00),
(378, 'A', 141, 1.00, 1.00),
(379, 'B', 141, 1.00, 1.00),
(380, 'A', 142, 1.00, 1.00),
(381, 'B', 142, 1.00, 1.00),
(384, 'A', 143, 1.00, 1.00),
(385, 'B', 143, 1.00, 1.00),
(386, 'A', 143, 1.00, 1.00),
(387, 'B', 143, 1.00, 1.00),
(388, 'A', 143, 1.00, 1.00),
(389, 'B', 143, 1.00, 1.00),
(390, 'A', 136, 1.00, 1.00),
(391, 'B', 136, 1.00, 1.00),
(392, 'A', 136, 1.00, 1.00),
(393, 'B', 136, 1.00, 1.00),
(394, 'A', 143, 1.00, 1.00),
(395, 'B', 143, 1.00, 1.00),
(396, 'A', 143, 1.00, 1.00),
(397, 'B', 143, 1.00, 1.00),
(398, 'A', 144, 1.00, 1.00),
(399, 'B', 144, 1.00, 1.00),
(400, 'A', 145, 1.00, 1.00),
(401, 'B', 145, 1.00, 1.00),
(404, 'A', 147, 1.00, 1.00),
(405, 'B', 147, 1.00, 1.00);

-- --------------------------------------------------------

--
-- Table structure for table `percent_necklace`
--

CREATE TABLE `percent_necklace` (
  `pn_id` int NOT NULL,
  `pn_name` varchar(255) CHARACTER SET utf8mb3 COLLATE utf8mb3_general_ci NOT NULL,
  `pn_grams` decimal(10,2) NOT NULL,
  `image` varchar(255) DEFAULT NULL,
  `users_id` int DEFAULT NULL,
  `pn_status` enum('master','copy') NOT NULL,
  `updated_at` timestamp NOT NULL DEFAULT CURRENT_TIMESTAMP
) ENGINE=InnoDB DEFAULT CHARSET=utf8mb3;

--
-- Dumping data for table `percent_necklace`
--

INSERT INTO `percent_necklace` (`pn_id`, `pn_name`, `pn_grams`, `image`, `users_id`, `pn_status`, `updated_at`) VALUES
(18, 'ม.คดกริชโป่งห้อยหัวใจดิสโก้ (ทดลอง)', 15.20, '1889689_1__67f7437806c36.jpg', 4, 'master', '2025-04-10 04:05:12'),
(47, 'ค.แปดเซียนคั่นงูBIแฟนซีฝังพลอยลงยา venti 001 5บ', 76.00, '1744881180084_6800cbf99009c.jpg', 5, 'master', '2025-04-17 09:38:01'),
(65, 'ม.ปาเต็กคั่นเลสมังกรแฟนซีฝังพลอย venti 001 5บ', 76.00, '293613_68063cdbd60ca.jpg', 5, 'master', '2025-04-21 12:40:59'),
(80, '14.31 (สำเนาของ oatmulti)', 152.00, 'images_680afe6f9d094.webp', 1, 'copy', '2025-04-23 07:31:50'),
(81, 'ม.แปดเซียนโป่งคั่นปล้องมังกรบูทีก 001 1บ', 15.20, '1744878175475_680b4230aea36.webp', 6, 'master', '2025-04-25 08:05:04'),
(82, 'ค.แปดเซียนคั่นปล้องมังกรบูทีก 001 2บ', 30.40, NULL, 6, 'master', '2025-04-25 08:21:08'),
(84, 'มอส 15.1 (สำเนาของ ทดสอบมอส)', 76.00, NULL, 1, 'copy', '2025-04-28 08:01:32'),
(85, 'ก.สปริง-ตัดลายVE 001 1บ', 15.20, '1745844290533_680f8195cd42f.webp', 5, 'master', '2025-04-28 13:24:37'),
(89, 'ต้าทดสอบ', 76.00, NULL, 20, 'master', '2025-04-29 07:55:17'),
(90, 'ก.สปริง-VEแฟนซี 001 3บ', 45.60, NULL, 5, 'master', '2025-04-30 08:02:27');

-- --------------------------------------------------------

--
-- Table structure for table `percent_necklace_detail`
--

CREATE TABLE `percent_necklace_detail` (
  `pnd_id` int NOT NULL,
  `pn_id` int NOT NULL,
  `pnd_type` varchar(50) CHARACTER SET utf8mb3 COLLATE utf8mb3_general_ci DEFAULT NULL,
  `pnd_name` varchar(255) NOT NULL,
  `pnd_weight_grams` decimal(10,2) NOT NULL,
  `pnd_long_inch` decimal(10,2) DEFAULT NULL
) ENGINE=InnoDB DEFAULT CHARSET=utf8mb3;

--
-- Dumping data for table `percent_necklace_detail`
--

INSERT INTO `percent_necklace_detail` (`pnd_id`, `pn_id`, `pnd_type`, `pnd_name`, `pnd_weight_grams`, `pnd_long_inch`) VALUES
(270, 18, '', 'เผื่อตัดลาย', -0.50, NULL),
(271, 18, '', 'ตะขอ', 1.20, 0.20),
(272, 18, 'สร้อย', 'สร้อย', 10.60, 4.00),
(273, 18, 'อะไหล่', 'ซาซัว', 0.50, 0.20),
(274, 18, 'อะไหล่', 'หัวใจดิสโก้', 3.40, NULL),
(622, 65, '', 'เผื่อตัดลาย', -1.10, 0.00),
(623, 65, '', 'ตะขอ', 4.10, 0.30),
(624, 65, 'อะไหล่', 'หน้าเลสมังกรฝังพลอย', 24.86, 1.10),
(625, 65, 'อะไหล่', 'ซาซัว', 2.00, 0.40),
(626, 65, 'อะไหล่', 'แผ่นกั้น', 2.84, 0.03),
(627, 65, 'อะไหล่', 'สลักทอง90%', 6.50, 0.00),
(628, 65, 'สร้อย', 'สายปาเต็กงานปั๊ม', 34.13, 3.20),
(629, 65, 'อะไหล่', 'น้ำประสาน', 2.67, 0.00),
(713, 47, '', 'เผื่อตัดลาย', 0.00, NULL),
(714, 47, '', 'ตะขอ', 3.80, 0.30),
(715, 47, 'อะไหล่', 'หัวงูฝังพลอย', 14.55, 0.50),
(716, 47, 'อะไหล่', 'หางงูฝังพลอย', 8.18, 0.60),
(717, 47, 'อะไหล่', 'หัวจรวด', 9.44, 1.20),
(718, 47, 'อะไหล่', 'ห่วงร่น', 3.15, 0.00),
(719, 47, 'สร้อย', 'แปดเซียน', 36.88, 9.40),
(738, 80, '', 'เผื่อตัดลาย', 0.00, NULL),
(739, 80, '', 'ตะขอ', 6.00, NULL),
(740, 80, 'มัลติ', 'A', 25.00, NULL),
(741, 80, 'มัลติ', 'B', 20.00, NULL),
(742, 80, 'มัลติ', 'C', 15.00, NULL),
(743, 80, 'สร้อย', 'A_2', 25.00, NULL),
(744, 80, 'สร้อย', 'B_2', 20.00, NULL),
(745, 80, 'สร้อย', 'C_3', 15.00, NULL),
(746, 80, 'อะไหล่', 'ถุงทอง', 26.00, NULL),
(811, 81, '', 'เผื่อตัดลาย', -0.20, 0.00),
(812, 81, '', 'ตะขอ', 1.30, 0.00),
(813, 81, 'สร้อย', 'แปดเซียนโป่ง', 5.74, 3.80),
(814, 81, 'อะไหล่', 'ปล้องมังกรคู่(อิเล็คโตร)', 5.60, 1.20),
(815, 81, 'อะไหล่', 'หัวท้าย (2หัว)', 2.76, 0.50),
(822, 82, '', 'เผื่อตัดลาย', 0.00, NULL),
(823, 82, '', 'ตะขอ', 3.10, NULL),
(824, 82, 'สร้อย', 'แปดเซียนโป่ง', 15.90, 12.50),
(825, 82, 'อะไหล่', 'ปล้องมังกร(อิเล็คโตร) 1', 3.10, 1.70),
(826, 82, 'อะไหล่', 'ปล้องมังกร(อิเล็คโตร) 2', 3.10, 1.70),
(827, 82, 'อะไหล่', 'หัวปั๊มคอ 5บ (1)', 2.60, 22.10),
(828, 82, 'อะไหล่', 'หัวปั๊มคอ 5บ (2)', 2.60, 22.10),
(833, 84, '', 'เผื่อตัดลาย', -1.50, NULL),
(834, 84, '', 'ตะขอ', 5.50, NULL),
(835, 84, 'สร้อย', 'สร้อย ไทย', 50.00, NULL),
(836, 84, 'อะไหล่', 'ถุงทอง', 22.00, NULL),
(851, 85, '', 'เผื่อตัดลาย', -9.70, 0.00),
(852, 85, '', 'ตะขอ', 0.00, 0.00),
(853, 85, 'อะไหล่', 'แผ่นรองลิ้นสปริง', 1.00, 0.00),
(854, 85, 'อะไหล่', 'บานพับ', 1.00, 0.00),
(855, 85, 'อะไหล่', 'ลิ้นสปริง', 1.20, 0.00),
(856, 85, 'อะไหล่', 'น้ำประสาน', 1.00, 0.00),
(857, 85, 'กำไล', 'วงกำไล', 20.70, 0.00),
(876, 89, '', 'เผื่อตัดลาย', -0.03, NULL),
(877, 89, '', 'ตะขอ', 20.27, 0.30),
(878, 89, 'สร้อย', 'สร้อย ไทย', 36.88, NULL),
(879, 89, 'อะไหล่', 'ห่วงเงิน', 9.44, NULL),
(880, 89, 'อะไหล่', 'หัวจรวด', 9.44, NULL),
(885, 90, '', 'เผื่อตัดลาย', 0.00, 0.00),
(886, 90, '', 'ตะขอ', 0.00, 0.00),
(887, 90, 'อะไหล่', 'ลิ้นสปริง แผ่นกั้น หนวดกุ้ง', 2.00, 0.00),
(888, 90, 'กำไล', 'วงกำไลงานหล่อ', 43.60, 0.00);

-- --------------------------------------------------------

--
-- Table structure for table `ratio_data`
--

CREATE TABLE `ratio_data` (
  `ratio_id` int NOT NULL,
  `ratio_thick` varchar(50) CHARACTER SET utf8mb3 COLLATE utf8mb3_general_ci DEFAULT NULL COMMENT 'หนา',
  `ratio_data` decimal(10,2) DEFAULT NULL COMMENT 'อัตราส่วน',
  `ratio_size` decimal(10,2) DEFAULT NULL COMMENT 'รูลวด',
  `ratio_gram` decimal(10,2) DEFAULT NULL COMMENT 'นน.ลวดก่อนสกัด(กรัม)',
  `ratio_inch` decimal(10,2) DEFAULT NULL COMMENT 'ค.ยาวลวด(นิ้ว)',
  `ratio_status` enum('master','copy') CHARACTER SET utf8mb3 COLLATE utf8mb3_general_ci NOT NULL DEFAULT 'master',
  `updated_users_id` int DEFAULT NULL,
  `updated_at` timestamp NOT NULL DEFAULT CURRENT_TIMESTAMP
) ENGINE=InnoDB DEFAULT CHARSET=utf8mb3;

--
-- Dumping data for table `ratio_data`
--

INSERT INTO `ratio_data` (`ratio_id`, `ratio_thick`, `ratio_data`, `ratio_size`, `ratio_gram`, `ratio_inch`, `ratio_status`, `updated_users_id`, `updated_at`) VALUES
(1, '0.30', 2.28, 1.25, 5.38, 10.50, 'master', 1, '2025-04-02 04:48:38'),
(2, '0.35', 2.13, 0.80, 2.22, 10.20, 'master', 1, '2025-04-02 04:48:38'),
(3, '0.40', 2.07, 1.90, 3.96, 3.20, 'master', 1, '2025-04-02 04:48:38'),
(4, '0.45', 1.97, 1.90, 2.81, 2.20, 'master', 1, '2025-04-02 04:48:38'),
(6, '0.55', NULL, NULL, NULL, NULL, 'master', 1, '2025-04-02 04:48:38'),
(7, '0.60', 1.72, 1.00, 2.90, 8.00, 'master', 1, '2025-04-02 04:48:38'),
(8, '0.70', 1.62, 4.60, 20.60, 2.60, 'master', 1, '2025-04-02 04:48:38'),
(9, '0.25', 2.50, 1.30, 4.45, 10.00, 'master', 1, '2025-04-02 04:48:38'),
(10, '0.20', 3.09, 1.50, 3.93, 5.50, 'master', 1, '2025-04-02 04:48:38'),
(11, 'ตัน', 1.00, 1.30, 0.92, 1.00, 'master', 1, '2025-04-02 04:48:38'),
(12, '0.43 ลวดกลม', 1.89, 0.65, 2.29, 15.20, 'master', 1, '2025-04-02 04:48:38'),
(13, '0.35พี่แดน', 2.25, 2.50, 7.81, 3.80, 'master', 1, '2025-04-02 04:48:38'),
(14, '0.35อกาโฟโต้(พี่สน)', 2.27, 2.80, 12.01, 4.60, 'master', 1, '2025-04-02 04:48:38'),
(15, '0.30 (อกาโฟโต้ YS)', 2.33, 1.05, 0.70, 1.90, 'master', 1, '2025-04-02 04:48:38'),
(16, '0.25ทองแดงพี่สน', 3.19, 2.10, 5.06, 3.70, 'master', 1, '2025-04-02 04:48:38'),
(17, '0.20ทองแดงพี่สน', 3.56, 3.20, 12.70, 4.10, 'master', 1, '2025-04-02 04:48:38'),
(18, 'หนา0.20ทองแดง', 3.25, 1.00, 2.94, 9.70, 'master', 1, '2025-04-02 04:48:38'),
(19, '0.20พี่เก่งเกลียว', 3.60, 1.00, 2.94, 9.70, 'master', 1, '2025-04-02 04:48:38'),
(20, '0.41ไส้4.6', 2.07, 0.42, 0.41, 7.00, 'master', 1, '2025-04-02 04:48:38'),
(21, '0.43ไส้4.2', 1.88, 0.40, 0.37, 7.00, 'master', 1, '2025-04-02 04:48:38'),
(22, '0.43ไส้4.4', 1.94, 0.56, 0.80, 8.00, 'master', 1, '2025-04-02 04:48:38'),
(23, '0.43ไส้4.6', 2.05, 0.56, 0.89, 8.00, 'master', 1, '2025-04-02 04:48:38'),
(24, '0.45ไส้3.8', 1.81, 0.45, 0.56, 7.00, 'master', 1, '2025-04-02 04:48:38'),
(25, '0.45ไส้4.0', 1.78, 0.30, 0.23, 7.00, 'master', 1, '2025-04-02 04:48:38'),
(26, '0.45ไส้4.2', 1.82, 0.95, 2.26, 7.00, 'master', 1, '2025-04-02 04:48:38'),
(27, '0.50ไส้3.6', 1.56, 0.45, 0.50, 7.00, 'master', 1, '2025-04-02 04:48:38'),
(28, '0.25 (11/1/67)', 2.57, 1.20, 4.57, 10.00, 'master', 1, '2025-04-02 04:48:38'),
(29, '1.00', 1.40, 4.90, 10.40, 1.10, 'master', 1, '2025-04-02 04:48:38'),
(30, '0.28', 2.35, 0.80, 2.05, 10.00, 'master', 1, '2025-04-02 04:48:38'),
(31, '0.23(พี่อ๋อย)', 2.57, 2.30, 16.58, 10.00, 'master', 1, '2025-04-02 04:48:38'),
(32, '0.27(พี่อ๋อย)', 3.62, 1.05, 3.62, 10.05, 'master', 1, '2025-04-02 04:48:38'),
(33, '0.25หลอด', 2.62, 1.10, 4.18, 10.80, 'master', 1, '2025-04-02 04:48:38'),
(34, '0.30หลอด', 2.48, 0.90, 3.01, 11.30, 'master', 1, '2025-04-02 04:48:38'),
(35, '0.35หลอด', 2.26, 0.73, 2.61, 14.90, 'master', 1, '2025-04-02 04:48:38'),
(36, '0.25(20กย67)', 2.49, 0.62, 1.22, 10.00, 'master', 1, '2025-04-02 04:48:38'),
(37, '0.65', 2.23, 11.00, 1667.00, 33.00, 'master', 1, '2025-04-02 04:48:38'),
(39, '0.50', 1.86, 1.70, 2.35, 2.30, 'master', 1, '2025-04-03 09:26:41'),
(55, '(สำเนา) 0.45', 1.97, 1.90, 2.81, 2.20, 'copy', 1, '2025-04-22 06:07:51'),
(56, '(สำเนา) 0.30', 2.28, 1.25, 5.38, 10.50, 'copy', 6, '2025-04-22 09:36:27'),
(57, '0.30 (pd5) โอ๊ต', 2.39, 1.80, 6.30, 8.30, 'master', 6, '2025-04-22 10:00:58'),
(58, '0.30 เฟิร์น', 2.28, 1.25, 5.38, 10.50, 'master', 15, '2025-04-28 07:36:59'),
(59, '0.30 มอสทดสอบ', 2.28, 1.25, 5.38, 10.50, 'master', 1, '2025-04-28 07:37:11'),
(62, '(สำเนา) 0.30', 2.28, 1.25, 5.38, 10.50, 'copy', 1, '2025-04-28 07:42:57'),
(63, '(สำเนา) 0.30', 2.28, 1.25, 5.38, 10.50, 'copy', 15, '2025-04-28 07:42:59'),
(65, '0.75 ช.โภชน์', 1.55, 5.80, 297.00, 25.00, 'master', 18, '2025-04-28 09:34:34'),
(66, '0.29 ช.เบียร์', 2.53, 1.15, 154.70, 26.80, 'master', 12, '2025-04-28 10:21:43'),
(67, '30', 2.50, 193.00, 26.80, 23.00, 'master', 18, '2025-04-29 02:58:03'),
(68, '0.70 โอ๊ตเทส', 1.75, 1.50, 2.63, 6.00, 'master', 4, '2025-04-29 07:35:06'),
(70, '0.70 ต้า', 1.75, 1.50, 2.63, 6.00, 'master', 20, '2025-04-29 07:35:10'),
(71, '(สำเนา) 0.50', 1.86, 1.70, 2.35, 2.30, 'copy', 20, '2025-04-29 08:00:04'),
(72, '0.29', 2.74, 75.00, 1.90, 10.00, 'master', 14, '2025-05-05 05:03:56'),
(73, '0.25(นาค)', 2.80, 0.80, 2.03, 10.00, 'master', 13, '2025-05-05 06:59:27'),
(74, '0.29(บิ๊ก)', 2.28, 0.75, 1.80, 10.00, 'master', 13, '2025-05-06 03:17:26');

-- --------------------------------------------------------

--
-- Table structure for table `users`
--

CREATE TABLE `users` (
  `users_id` int UNSIGNED NOT NULL,
  `first_name` varchar(50) CHARACTER SET utf8mb4 COLLATE utf8mb4_general_ci NOT NULL,
  `last_name` varchar(50) CHARACTER SET utf8mb4 COLLATE utf8mb4_general_ci NOT NULL,
  `username` varchar(50) CHARACTER SET utf8mb4 COLLATE utf8mb4_general_ci NOT NULL,
  `password` varchar(255) CHARACTER SET utf8mb4 COLLATE utf8mb4_general_ci NOT NULL,
  `users_level` enum('User','Admin') CHARACTER SET utf8mb4 COLLATE utf8mb4_general_ci NOT NULL,
  `users_depart` varchar(30) COLLATE utf8mb4_general_ci NOT NULL,
  `users_status` enum('Enable','Disable') CHARACTER SET utf8mb4 COLLATE utf8mb4_general_ci NOT NULL
) ENGINE=InnoDB DEFAULT CHARSET=utf8mb4 COLLATE=utf8mb4_general_ci;

--
-- Dumping data for table `users`
--

INSERT INTO `users` (`users_id`, `first_name`, `last_name`, `username`, `password`, `users_level`, `users_depart`, `users_status`) VALUES
(1, 'แอดมิน', 'web.dev', 'admin', '$2y$10$fM8U/y7t.0/OsccQgFvHLOVtu/3gI5G2o9nl/mlWwYAoK6nM1No9K', 'Admin', 'admin', 'Enable'),
(2, 'pd1', 'pd1', 'pd1', '$2y$10$G5Ipv0qhODp3X1eCerv20OpAHoL51DQPMCAS5yxPyRRK1ORwR5F6m', 'User', 'SG', 'Enable'),
(3, 'pd2', 'pd2', 'pd2', '$2y$10$JvtB8DDj643jOxYC4dYgYufWCSo3585GezCo1dQu2ugcW1geECv96', 'User', 'SG', 'Enable'),
(4, 'pd3', 'pd3', 'pd3', '$2y$10$cEABcsGf3E1nsuxfSPweTeMBkMmwRg/uXIB8AO6I/0RNcd8hzrLIi', 'User', 'หัวหน้าช่าง', 'Enable'),
(5, 'pd4', 'pd4', 'pd4', '$2y$10$LdC0lZgYB9aUvfFu7aS4Y.vaXHdAohkxVQIdQtjRfh38M6DB9wL82', 'User', 'SG', 'Enable'),
(6, 'pd5', 'pd5', 'pd5', '$2y$10$7/xrqDHk7M/mHB.ytR3L5.1SpNUtHSAJ2VeDpyn/jOPEgzXi.I18.', 'User', 'SG', 'Enable'),
(7, 'YS', 'YS', 'ys', '$2y$10$F/XVFpQQRoUY4eZ4sJw46eJv8fqjdF2AKMLWI/l3pwlNSfEVMpOoK', 'User', 'YS', 'Enable'),
(8, 'ทดสอบบ้านช่าง', 'บ้านช่าง', 'test', '$2y$10$/zHwo4ptkuSNnn2Odf9CwOPRCK58qsdpWXEyIPzrcqVtkiXTqYhoC', 'User', 'บ้านช่าง', 'Enable'),
(9, 'penping', 'penping', 'penping', '$2y$10$j5cj.Xve0GpzZcVpyZ8s0eS1ieE4UAuoV0nMhUApgPq.08EEGVt2K', 'Admin', 'SG', 'Enable'),
(10, 'มาลัย', 'ศรีบุญรอด', 'malai.b', '$2y$10$CAr1cEz9k4unT.O7gUv0HufNSCGhI.MqpqIp6YvFeYTmSCla23zXe', 'User', 'SG', 'Enable'),
(11, 'มาริสา', 'วงศ์ษา', 'Marisa.w', '$2y$10$9T3Xjh3fwS6lmiOIgQgfluaDtCBDSTeSlm1m/aBFFy5nfChNtsGb.', 'User', 'บ้านช่าง', 'Enable'),
(12, 'อังค์วรา', 'เกิดสุข', 'Aungwara.k', '$2y$10$PESvBMHu8KHwvl9k.xAQHuVidSuf5pn.ufgAUreaGGW/xKHKrPwMC', 'User', 'บ้านช่าง', 'Enable'),
(13, 'ศุภชัย', 'ลอยลม', 'Supphachai.L', '$2y$10$fgsHzx3QgdFOJ86sJ8Z3Ge8l76ijL9OND1cNmuwr5c2AkMQBfVisK', 'User', 'บ้านช่าง', 'Enable'),
(14, 'วรรณฤดี', 'พรมวาส', 'Wanrudi.p', '$2y$10$dvXsybrN1nd9h5JbBRcvYuLJUXOAIFMIaHsel6L/Peu9otutZTOcC', 'User', 'บ้านช่าง', 'Enable'),
(15, 'นงนภัส', 'หญ้าผา', 'Nongnaphat', '$2y$10$BwutTyZIg7VpcywjPIRkWOWgAtcukdWvKAEPVE0NhC2vZw2OsjCKC', 'User', 'บ้านช่าง', 'Enable'),
(16, 'กันยารัตน์', 'หงษ์ทอง', 'Kanyarat.izeris', '$2y$10$AYGIi.6ljXuEz4qgHYqrKeYtXj8lBRu8Wk8pjAZUYLiHgTO9IeqqK', 'User', 'บ้านช่าง', 'Enable'),
(17, 'นิตยา', 'สิริสมานพงศ์', 'aung', '$2y$10$IH7H1ezdOM/mLnyBNrxnUekA1J5Tk/X2CFu6ZQZq1ennSkNqO00Zu', 'User', 'บ้านช่าง', 'Enable'),
(18, 'ปฏิวัติ', 'คำแดง', 'Patiwat', '$2y$10$h08eFkLyI5FGWjvFlduQSuI0sFisTGL0.wOCllrevb22vyQtm.9E6', 'User', 'บ้านช่าง', 'Enable'),
(19, 'ชลสิทธิ์', 'หงษ์ทอง', 'chollasit11', '$2y$10$WJRXqZGE7j//U9dIoGeYfeLetuJoyjWkOG8pHXDyA2012JlKfOzU2', 'User', 'บ้านช่าง', 'Enable'),
(20, 'สุธิวุฒ', 'ชัยภูมิ', 'suthiwut', '$2y$10$aF4cvlAwrfYrCxBbcrhgzeGtDpyGYX0Fk3xftCvR4tjgVCkgSqnxO', 'User', 'บ้านช่าง', 'Enable');

--
-- Indexes for dumped tables
--

--
-- Indexes for table `gold_formulas`
--
ALTER TABLE `gold_formulas`
  ADD PRIMARY KEY (`formula_id`),
  ADD KEY `idx_user` (`created_by`);

--
-- Indexes for table `gold_formula_items`
--
ALTER TABLE `gold_formula_items`
  ADD PRIMARY KEY (`item_id`);

--
-- Indexes for table `gold_type`
--
ALTER TABLE `gold_type`
  ADD PRIMARY KEY (`gold_type_id`);

--
-- Indexes for table `necklace_calculation`
--
ALTER TABLE `necklace_calculation`
  ADD PRIMARY KEY (`calculation_id`),
  ADD KEY `idx_ratio_id` (`ratio_id`);

--
-- Indexes for table `necklace_detail`
--
ALTER TABLE `necklace_detail`
  ADD PRIMARY KEY (`necklace_detail_id`);

--
-- Indexes for table `necklace_detail_parts`
--
ALTER TABLE `necklace_detail_parts`
  ADD PRIMARY KEY (`ndp_id`);

--
-- Indexes for table `necklace_proportions`
--
ALTER TABLE `necklace_proportions`
  ADD PRIMARY KEY (`proportions_id`);

--
-- Indexes for table `necklace_sharing`
--
ALTER TABLE `necklace_sharing`
  ADD PRIMARY KEY (`sharing_id`),
  ADD UNIQUE KEY `unique_sharing` (`nd_id`,`users_id`),
  ADD KEY `idx_nd_id` (`nd_id`),
  ADD KEY `idx_users_id` (`users_id`);

--
-- Indexes for table `necklace_tbs`
--
ALTER TABLE `necklace_tbs`
  ADD PRIMARY KEY (`tbs_id`);

--
-- Indexes for table `percent_necklace`
--
ALTER TABLE `percent_necklace`
  ADD PRIMARY KEY (`pn_id`);

--
-- Indexes for table `percent_necklace_detail`
--
ALTER TABLE `percent_necklace_detail`
  ADD PRIMARY KEY (`pnd_id`);

--
-- Indexes for table `ratio_data`
--
ALTER TABLE `ratio_data`
  ADD PRIMARY KEY (`ratio_id`);

--
-- Indexes for table `users`
--
ALTER TABLE `users`
  ADD PRIMARY KEY (`users_id`);

--
-- AUTO_INCREMENT for dumped tables
--

--
-- AUTO_INCREMENT for table `gold_formulas`
--
ALTER TABLE `gold_formulas`
  MODIFY `formula_id` int NOT NULL AUTO_INCREMENT, AUTO_INCREMENT=11;

--
-- AUTO_INCREMENT for table `gold_formula_items`
--
ALTER TABLE `gold_formula_items`
  MODIFY `item_id` int NOT NULL AUTO_INCREMENT, AUTO_INCREMENT=59;

--
-- AUTO_INCREMENT for table `gold_type`
--
ALTER TABLE `gold_type`
  MODIFY `gold_type_id` int NOT NULL AUTO_INCREMENT, AUTO_INCREMENT=3;

--
-- AUTO_INCREMENT for table `necklace_calculation`
--
ALTER TABLE `necklace_calculation`
  MODIFY `calculation_id` int NOT NULL AUTO_INCREMENT, AUTO_INCREMENT=20;

--
-- AUTO_INCREMENT for table `necklace_detail`
--
ALTER TABLE `necklace_detail`
  MODIFY `necklace_detail_id` int NOT NULL AUTO_INCREMENT, AUTO_INCREMENT=148;

--
-- AUTO_INCREMENT for table `necklace_detail_parts`
--
ALTER TABLE `necklace_detail_parts`
  MODIFY `ndp_id` int NOT NULL AUTO_INCREMENT, AUTO_INCREMENT=338;

--
-- AUTO_INCREMENT for table `necklace_proportions`
--
ALTER TABLE `necklace_proportions`
  MODIFY `proportions_id` int NOT NULL AUTO_INCREMENT, AUTO_INCREMENT=70;

--
-- AUTO_INCREMENT for table `necklace_sharing`
--
ALTER TABLE `necklace_sharing`
  MODIFY `sharing_id` int NOT NULL AUTO_INCREMENT, AUTO_INCREMENT=5;

--
-- AUTO_INCREMENT for table `necklace_tbs`
--
ALTER TABLE `necklace_tbs`
  MODIFY `tbs_id` int NOT NULL AUTO_INCREMENT, AUTO_INCREMENT=406;

--
-- AUTO_INCREMENT for table `percent_necklace`
--
ALTER TABLE `percent_necklace`
  MODIFY `pn_id` int NOT NULL AUTO_INCREMENT, AUTO_INCREMENT=91;

--
-- AUTO_INCREMENT for table `percent_necklace_detail`
--
ALTER TABLE `percent_necklace_detail`
  MODIFY `pnd_id` int NOT NULL AUTO_INCREMENT, AUTO_INCREMENT=889;

--
-- AUTO_INCREMENT for table `ratio_data`
--
ALTER TABLE `ratio_data`
  MODIFY `ratio_id` int NOT NULL AUTO_INCREMENT, AUTO_INCREMENT=75;

--
-- AUTO_INCREMENT for table `users`
--
ALTER TABLE `users`
  MODIFY `users_id` int UNSIGNED NOT NULL AUTO_INCREMENT, AUTO_INCREMENT=23;
COMMIT;

/*!40101 SET CHARACTER_SET_CLIENT=@OLD_CHARACTER_SET_CLIENT */;
/*!40101 SET CHARACTER_SET_RESULTS=@OLD_CHARACTER_SET_RESULTS */;
/*!40101 SET COLLATION_CONNECTION=@OLD_COLLATION_CONNECTION */;
